{"version":5,"hash":{"type":"Buffer","data":"G91HS0RGTmv31gZTOEkjiH/tdNw6PX4yYxoHJSSDLWZXYEK47UTGHFOAQiSf6FIB09wXqqo3/nf/CvptN3Gkctj5//gtj3aEmwfnYMrHQpUs1FR4pzZAUWUYEz6PZNQnLNoZ41tRuQUxBSApKpNhCUXq1c2XS5GGAIOjt67gI9I="},"indexValueMap":{"RkrTSzNo+p00UaKeqO8B77NW5HFMboD7Es1RSC//5FA=":{"valueMac":{"type":"Buffer","data":"o6HYTvmHob5RaBGPlnoox2d4GL6cEONh9FRfrWRDX5k="}},"lclBOribRszMdHn7kzyohavLLRpvT3zOZQWmxabJ8Uc=":{"valueMac":{"type":"Buffer","data":"d3P1Khjspt/gswiVkv60Lghzb5E6CXp+8ZEguI6n3s4="}},"TiAgl92e11AfiFChUSg21rDq7L21jwtcu3NkvO8doZk=":{"valueMac":{"type":"Buffer","data":"u7YVkVg4F5L2RV7q1DDBq/g3cxjGJA1JJnnr2CNmjlk="}},"mRY0bGJ59SR9Eljjr9JUVkc9c2QKijAGeebo4zO00GQ=":{"valueMac":{"type":"Buffer","data":"9+lP1xS0HPXCqyiOnTgS0MShcs6r63811I4iS2oY/cQ="}},"w1HPITTkWAw8B3Qpft6P5kKRO7+kiyp7VrnFlXLcPuI=":{"valueMac":{"type":"Buffer","data":"1WpYF0vxS68ego9BVBKbl+G+SEyKtfE6v6ZZGqhYwYA="}}}}