{"version":3,"hash":{"type":"Buffer","data":"7t2YH5Tom9fhCnmCpk4xDvTXPMfBxspqMwmRmFNki1EzxLcmeDvmmXBEiog+6Pw57ApJW5yR1TT4qR98JPmymnjwdXPfbxuzUKf1wuEiwTuXtDDjMyND1DzBm7QubfjPmnsGg4iqLjEKVuAbV3ST+2jjk1hc3bInWNk/LqxHJoo="},"indexValueMap":{"txIt/B55kP8IdVrsaJYGqq9y8PvfLpuoFRG4X79baLI=":{"valueMac":{"type":"Buffer","data":"wwQ7mJCcqnacYQXyrGZrl3cdbOOdX06ug4Tx2gavWw8="}},"6hLfZHc40zyzhiI0ypEFqt+tnfcmAwsMO4W18qVnRT0=":{"valueMac":{"type":"Buffer","data":"TXtQY6wTIJZfOATdTy5GDbjDpEAm2KYiaMGlZ8pYSUs="}},"A2szz+wEtKMR3mtChKqFZJlgoKhaReSyee6C7Z47rgc=":{"valueMac":{"type":"Buffer","data":"Pute89kZfVbiXs0akSfLmFfCeEDUjbgsT/04NZYGfw0="}},"Lm9H0v6m7DT81QE2wA0gX+3QlT0hpB5MpHVx2FPCx9c=":{"valueMac":{"type":"Buffer","data":"unxaLhyiXkrWRIm1bZQ1BHnd2fWcYwdXJQllgTa6J7Q="}},"qPMNBXGZ794T9oW5u96MT+VgvYcLbf8XqAhKJhJRlcc=":{"valueMac":{"type":"Buffer","data":"ne3b5V0obWyBwdYYkSboMDx9w5/gt2vcZFm1z+faVgQ="}},"sZmloqSg5dTnTdXtdbZsWMS5XDUzJFTi24JQU7QVJOs=":{"valueMac":{"type":"Buffer","data":"z0rEJg9S/SYu0PYSwSHSQt4B8sfVhiiajVbw6pSJVZk="}},"7cxUm5FpTDHNO/eTr1/nUOlCOM/pBd0Evygks1ps8u4=":{"valueMac":{"type":"Buffer","data":"vlYyt81yZLDgaXNmivaGNIdmbvyCn2jd3QlEIckL67A="}},"q1XgeO74jN8/seX35ajlGw4lbNbdTLoAvkGCxiFISzM=":{"valueMac":{"type":"Buffer","data":"fUONTfP+CHu9uNxQ2aLOo/A2reb8ArBcqPxD6fPeNYk="}},"2Cl0n0M8PKOWVPYpkF0MAnACuLR8lQzFDAqDP0KhFCA=":{"valueMac":{"type":"Buffer","data":"mENKdZYUF9+9847x9j/eBjHiGW6YTrMqhhwMMctcJE4="}},"VdRi1s2QCcs429ck+6zcYkrunWnwLDUowft63ndBnVw=":{"valueMac":{"type":"Buffer","data":"DCjFmu++BqUSM9rk44rfruz4xi1SZTX5155evRgoUpY="}},"bpDfjTzZGLxJazADvnwdhlj0dnFpFAXXvRs37K/+0AE=":{"valueMac":{"type":"Buffer","data":"JRFU0CQRSCM4/TyqjA1tL7blLoWMVZOSzpFw6jWfmWA="}},"ok1Eu1mVmheAALCo86ncTn2JvGaIRuMso0acjtS3sdo=":{"valueMac":{"type":"Buffer","data":"0Q8Xbhgc6DtVtpIrVLsQPNZznH5ZxovJdGgex8mPZuY="}},"l7oGE/IyNmW1/B3zRMZt2s+Yrgk+a/zFJSxKydWDeQM=":{"valueMac":{"type":"Buffer","data":"A/20alEpqxfeFLXjyq0PE8roQCzuU+jMHD+Fus/NxvA="}},"1PDZWRJM31QOEVXIwWS8YASuesI9ACX3Hn6OX579ypc=":{"valueMac":{"type":"Buffer","data":"/PWJDXcqlKXlGxEgkYCVtrpp2ajbNPl6FfHIv/EGNGE="}},"mzUv8Io7JQWsSqN3YWGBDjg63VTPU/M27pqjphHI1zY=":{"valueMac":{"type":"Buffer","data":"ZK9QZ99cxVlmRIMt+1YPuzNkGAF0w3GrZhitiJQVlKM="}},"W0Kou3Z1eLJJ5mEQ5LDNVzwwVyoHvPZSQp/5L8MMli8=":{"valueMac":{"type":"Buffer","data":"Rme4yNq5nlQrr+X32vDIMH122pawSGW5bhsZViFIYiA="}},"d4oSgsppjJT+KppCNV4qytVgdrw+LIEikdNcUbWF6IA=":{"valueMac":{"type":"Buffer","data":"HRZVI1RX1zZRjjQcfVHkEIPgcqUDDA4ZNcaU9x0Zh9E="}},"9/CxIZSOKeyAJE8g8LkytDTO5Ed7rGZNLDYE/W6Ryqw=":{"valueMac":{"type":"Buffer","data":"Xm8E681nGR9BfMSKFURIWZ0NX4+jvkQ+l6bSfqjGpYY="}},"iJHVZjZsA7EQiaKrb3O1/LTULI+mKlkOrWuO7QgvCQ0=":{"valueMac":{"type":"Buffer","data":"smibe+JJx9g6QBa/uXV3mlLto4DUWFE5Y8mXhTHEvwQ="}},"yxBpcblE409qW/yjJnvDh5IJVjY6/vmFmdMze1NV4cc=":{"valueMac":{"type":"Buffer","data":"JFgN3gx7qCFMuxKCkkBPv0aUUOmk9ZYpQtCvhzGpd1g="}},"OszOYAtz3OmhB7NGwSgiNteE9u0d5WvXR+7phO7Ic/Q=":{"valueMac":{"type":"Buffer","data":"4NE036L7PDee01W4eCmh8NsX3rzUgBFCjRRv0d9U6fk="}},"1nNR5RKT527AJWBwtmL/oFvRlRJI1PvI+PgSZkVGnY4=":{"valueMac":{"type":"Buffer","data":"tJp33c1ZuM2SGBF8B+psBNpLwBpvzz5gSZ8pSfel22I="}},"mbsLp4autwa4/zFC5QxPZuhwD69fLWwFQmXI7j6RvXI=":{"valueMac":{"type":"Buffer","data":"1NnLa7UQEV6TLq0PsmBz6rIbEJDtgfDnM2xjsqWwdyQ="}},"t1SyMG0XAvM+n8ncYD2L0N2LLZG2HnViqYLxMivzJpA=":{"valueMac":{"type":"Buffer","data":"8nVsLLHz7hzM3PKlE+Zv7wKNIWjOqhNHp5YP89wWXuU="}},"t3s8KdeFvmDKRdnsJNzPaju7AaxRL7J1ReVQG+StZo8=":{"valueMac":{"type":"Buffer","data":"2COIl+UI/mX6dzvRbBXI1jAWU4alcyz9q4qqoUyNwnE="}},"2FqMDU3zj1/E8YB/tkgSYL+V5qauHbZwkF1SffWgs2Y=":{"valueMac":{"type":"Buffer","data":"7HzTvR90wpax/M3vU8635Uoh6r1QtICiEkdLjMXquu8="}},"5tSkMh9R9aIWt6clHZyOVUtQltQ3z824FoKwgqqJZr4=":{"valueMac":{"type":"Buffer","data":"oEJjF7DDkiB9wMfKkgJlGpStWShtNVJC0HKd6DgIX6o="}},"qB5s83k9Eb9uR5NFaloNhXf7zmsR7toi6soJe7n059o=":{"valueMac":{"type":"Buffer","data":"m5XEjjSeQIbLU3N/o2ShxMWQk+MtlqDEAlbQFZaD0sA="}},"H4oZM4X27uPUYLCncSFOSSm2oPdutumV3wd9smBMENI=":{"valueMac":{"type":"Buffer","data":"5AGy8Nk9a3dEv6v4zDssWKuf8a64zoIGVMrRMx1QVbs="}},"l6cuopJ0TLNF9O3tavYasICF2K0frnRkUTii32Sk/Z4=":{"valueMac":{"type":"Buffer","data":"KRGDAlH8sYsGb38nKzl8iM6JsmnVjtNCq4jbZy5EBVc="}},"OtkXeLsND/ZZIoRk34ySNe4UPda9911Cm6Qt4TLtbRI=":{"valueMac":{"type":"Buffer","data":"wJo2zvU4Mv3iSZAPbEQhQo/2bUUgdsXtWrSVk4a9di0="}},"oC6t77tsVX3Fx6YdRXtolf+jfXZFFj2DQVCHPc6dTnY=":{"valueMac":{"type":"Buffer","data":"XGWCWMJ1BhqAyI1dmBCQ09+sGFcegURseSS6q76Uh6Y="}},"XA/MjHG4vC0R5vKYr+5JPNC4cG1ecWQziHH/DxMql+w=":{"valueMac":{"type":"Buffer","data":"3WWNKUDEkxuYpWWRF46AEjjpROfwDhE7OJbzQhl+t28="}},"mFLHLqCZOPBwN3eL1mS2Q7+YgxMJFIhJTSCm9GbeBa0=":{"valueMac":{"type":"Buffer","data":"yCFxon9kExjwW3vAkavcXZzYdPoi8yLgHQ9v0pRVQkg="}},"eKbDX27R8j+idOExbSPFD2oQXDrbLwyoodYSz//qYog=":{"valueMac":{"type":"Buffer","data":"1CiqyZKriippMWU12XRDR9kb0Iy1bkLlbA1uXy+HrZA="}},"IkV3hIgv5L29AAcGbpxGDDstyw0f8LKGTnN+EmKgcPc=":{"valueMac":{"type":"Buffer","data":"UVW7icDE3XJ2+4EsiKYw79bLG5wmdavT6iLy7qpIgRg="}},"DqwASrfv75qc3+Kk2GX45T0UF7bJTI/5kROUZkAdtEA=":{"valueMac":{"type":"Buffer","data":"OBMxxT7aeAOJTjuW4cihUBRKAGjsoXYgMzfZEIpBQKQ="}},"Tot75JAtlv81m74n3KimRxYGtaqy5qOY9vMCKRfFkEg=":{"valueMac":{"type":"Buffer","data":"ux6iMRvXQJ870t0vFJ/bRTNQrGcth6bqWd3PQC2f5RI="}},"1rQa+q85VY+h7jEDB/vDUclvTubpbzuhyFRMgdsvHIs=":{"valueMac":{"type":"Buffer","data":"fi2/vI8Q8OlPrnwmXY7ShFPnJ3RJwAZ24KvJn3IAUyU="}},"Z6pc0o7mEvr4+agzbKCQNgy3Z+oIwCu69/Uts8JFzXI=":{"valueMac":{"type":"Buffer","data":"kSPQhD9bmYr58KKO5uyrsGR+RjSPykYcuXVW7kcd48c="}},"JtB+rY1p4mACeMVSYGqim+FrvLtFPI2pUZ6eErKG4Kk=":{"valueMac":{"type":"Buffer","data":"Jwcu/OuQacRpJJOvfghUB+y91+KVrKh3kAa2KJL0Hxc="}},"+a88YH5WDfZSoqu+HmeFqxxW9sOVHMeFghjrWSvXW1A=":{"valueMac":{"type":"Buffer","data":"pmeQjdRpE8wFNgLq8r8KD/JVRfvYmjx/V/6Y0RNzoC4="}},"jhP7yREY4NsRv9SO48OVcZQPGFUfrIayOgk6fLCRFdA=":{"valueMac":{"type":"Buffer","data":"7YGXB4OcCkUT+Vrx77d7Oh+EwLEepXBWYmW697yWty0="}},"J+/nm0lZIyt+fkPUFUMwbzbkH5dFmc2mOkRm/HmhXzU=":{"valueMac":{"type":"Buffer","data":"NARTmcsa8JCRikLvhoxLxlnTHCJLqfFuLn78kZA6Zw4="}},"sDWBtAhBM3QJuRQMaov/pPDL9R1siFU9JADmFZFHIsw=":{"valueMac":{"type":"Buffer","data":"l8Glfhck7O4Y+Dz1iyWDBMvbV5+V+m2XrAwZi1sRyWg="}},"RbmQtnBpedhDr7Ok0CKY87QillYZFLHpZZj2rAyJcfY=":{"valueMac":{"type":"Buffer","data":"qZfJc8x/3ez+2lpBFhqDTU8rLfM/AtIgAFfxcCHRBR4="}},"Ux2J7NkNN4fLwfuAx/GLJGjp0ASsLdr7s4xWej7An1g=":{"valueMac":{"type":"Buffer","data":"p084yodJxCSDBX/4a3ZvN9HtA1HuiVKsI+Xkfa0rTKA="}},"iP8g0NqqRGdhEyP+P5fslnJTZLiM3p925sYNYvgTpbk=":{"valueMac":{"type":"Buffer","data":"vUYBcL2PM4oD4xFewnSj9NJMXdJA4oYfLN7KbJIKhb8="}},"yIbK82pelh2es8GmVTQgRZIH/b6vC3ABFC5E6qxzTzc=":{"valueMac":{"type":"Buffer","data":"O+WGaAg8ccDBy6gW9EQ+mHA6D3R97YbuUeDdLGZyTKI="}},"HGLwYi6672lqMCyjU7SA0ojb/gfol+Q8dIR92HQxHWM=":{"valueMac":{"type":"Buffer","data":"ILISD4Y1doELg/ozhp022cqj1XUCj9XCDi3XjAfeNGs="}},"I75SsVIoKlx5A2NQJnIZ2LUNStbYuJ/HO3osP4+08QQ=":{"valueMac":{"type":"Buffer","data":"EPtVCFpTOoOg+cQ4YhD0rAQ1yuaqfr42QCMmTAG1N20="}},"E4AShhGdenKiUHDLmoXcUDY3WCpDh8KZiNeNuzb8pcM=":{"valueMac":{"type":"Buffer","data":"2x97YZM8n2/BuwhILYUfH84j+2DgvVMVFK14A2dmPUw="}},"B9kh96A0EtSrSQY0T4NLm+a1plw4b92xEjVtyZviirA=":{"valueMac":{"type":"Buffer","data":"oguRvlPAvZ4m3sFBkK5smtX1JSQ4P0TLMx6oFmFAaPs="}},"2ThZb1MTGVAUYp7vSNXcGDQDTTwaIxPRrL/UcHMohcA=":{"valueMac":{"type":"Buffer","data":"JrOudBH0DNo1aRS6VGOMPTpjGgR2stPbikvcM1eFYLQ="}},"GQ45VnJAWnDBfrLREVr6cQ/+tLZ1vbfgMeTCzJtG9Js=":{"valueMac":{"type":"Buffer","data":"NeEYxkri0CK3x9uQx5g/Mr1mJgXfiyIFidSXif4hejs="}},"/T2GDiAXKFbjxbUAQUZXUAL14zlyUQTN5cKD3QobxRc=":{"valueMac":{"type":"Buffer","data":"jk+TQECWgqbSZJHyZBnulliBg6xFyTeGuarK2eYp9hM="}},"Cc1O1A0utREpr6Sdk/2w26orvpNDjDnshR+MmvVo5FY=":{"valueMac":{"type":"Buffer","data":"Zczb+NeTkaxTPR4QO9oDLAMgSxoW3M/3ppB7LygZWLo="}},"4e55UaZs/4xJ3wDcO9nPZGurh7W2aWbnfbYKDn0jvXY=":{"valueMac":{"type":"Buffer","data":"YUVXKLKfhlH8F9kh019ulc8cvuOTxcVcFMfd3iA+vx8="}},"M/yCLG4H/O8Xf7wv8rZxWzxlrlqPzPaXWN/q5KTVi4I=":{"valueMac":{"type":"Buffer","data":"q5u5CkOuikCbM6hDMlJ6rnTLlBKjtwrHN7WqnVHfhq0="}},"tW9/0fmS6mAgj5cSXQ9EFH8i5Ij1LGPrREBqzgxwaPI=":{"valueMac":{"type":"Buffer","data":"iljTbwBtsdM1Gv8fnyq+MlyDIx3o6womIO0ghb1p8lI="}},"ZKQ2keqMzf5guEID8mgNW16OWHsyUz7N1WjHOUU7uIA=":{"valueMac":{"type":"Buffer","data":"S7iOxhdKIKBUGRlg2THwMT5g2q8pX+jC70YYxf1mIrk="}},"o8fI3gZSBy51HPB7Iz+iowGG7NQ0k3OctfqT4Et9/GA=":{"valueMac":{"type":"Buffer","data":"TrLYyV1BwvOLqL/0zkn00uEWMqk7cveO/jYp90LWlXM="}},"+73qctEsavnp36z2lwtgooCcVeDYOf9FM7vCHZasPk0=":{"valueMac":{"type":"Buffer","data":"iZXAvrq7Xgbg+U9R///K7/+mpQVks2yrK60QtYIJgmI="}},"RWpjM8Wq4iqnaDJCGA1QcxIHNY4N/Jvkjk2WKsvdEJA=":{"valueMac":{"type":"Buffer","data":"VjK/4HkQH8E2pv5LX3x7vMntr3IEuMWkeHZHCQC5xzc="}},"IRKODRnwacKHtIHAqlc+MKuj1Jg5Fz2jGoeP3OcDqzw=":{"valueMac":{"type":"Buffer","data":"wRAO35mIVj4yOa7PVm6DJ6JiHNDv9VIrnLp0nomwnHs="}},"QIlqPWAZCATU4JKw5xT13wDenBreIcuxVuH6IbKp6Qk=":{"valueMac":{"type":"Buffer","data":"xOfECQVl0XGBMpSOq4JUXPMTEsYNy6ofgudwUcUSYVQ="}},"Io9oXdvSbWFJQPbszbzhA79fX+Lnm5bR05fGjqPzf88=":{"valueMac":{"type":"Buffer","data":"qo9byBXwKcoHJo3ojBLgplxjZQn7b7E9NaBU7vXkyb8="}},"gmCMxVBS19Jr6X3aVrm3UCxtVEpxM0BJHsHzmlflcCk=":{"valueMac":{"type":"Buffer","data":"c9p5rFTyzRJE7Amgc1LJw0c14uFHN3yZhWM94wZm23o="}},"BU+pTxpTEZ8PS1skMW6FkusH4+J4KizDt2/iiJ8sOZQ=":{"valueMac":{"type":"Buffer","data":"b6NXlMoVuwf+yIn/3c2OHO1OHmGgMPXc8vWuCACtlYg="}},"7JI8PwFBlSXcRs7q51OOJOrKcF+HP3fn3Haow+l4Bh4=":{"valueMac":{"type":"Buffer","data":"47uLd2+la5rVAAU9lLf5KCoiujTArmfWsOs+JoaqLy4="}},"Bx8yAcfAVxDKYBiOuVQrKCbKMEeHrHJeBLtR0XKVwb4=":{"valueMac":{"type":"Buffer","data":"dYcxlY51J4g9qzkwE8UDrOGr09foRFVF8m10gyy8NaM="}},"50SNNqn/ZuimSiOSCgHHHEiGtzSKkopjERPaZDoVMB4=":{"valueMac":{"type":"Buffer","data":"l9dU2paMoWQnnMgVckr/dYtTfIrh8SYA/xacQ+YpoAQ="}},"/GXHkwgyooSfi6oKOwJFGNfwUjKU6+huei04akwOjK4=":{"valueMac":{"type":"Buffer","data":"IK47RIg2mNL6TJySfQtmm4bqHkZ5A0I2jHP+VkTg0IM="}},"iamEicJ12+bKb17MRrZWB02Ew+jaw6e/FQc8cZuxUpc=":{"valueMac":{"type":"Buffer","data":"0uAlVGEyneJwQJos37Trl2VGFf/J/7CSQ6Q2HphpyYI="}},"r/ChI6kslZ7AbHpC1H6grQg/4u273OIx2VhEH4QojZQ=":{"valueMac":{"type":"Buffer","data":"7qev2Gx+mithgvoHk5PDawpWn2kqWd4EN5SDCRmPCj0="}},"XKFUdyw5L+VySHOEa5RNnfbO+EYkJ0xyCOkczEadPAQ=":{"valueMac":{"type":"Buffer","data":"pzvh/BZu+YWqOx6HSB2vV4D+uRfSAmYSLL1nalWK7sg="}},"P6mx4PoWPDDKIIV0+zDNtRrgbxftWV3vZVOFS23qyvU=":{"valueMac":{"type":"Buffer","data":"9LQfzvSq7dndM1pPc50XypVuxPdXQyRXlYwhbYr6V3Y="}},"kPygKYnl4GPeUNwNstL6eqpStlBqIOtAvl/ftgEAtbQ=":{"valueMac":{"type":"Buffer","data":"oRDifUyx3CqcBWkvm4TV46s0abKIQLTFTLzGYdctQag="}},"7v6Am/5q6GzvDIans8NqRc4YcvZ+Xb48FEynC+Zogms=":{"valueMac":{"type":"Buffer","data":"eYBm/RW52QlgkxEey25rhO6CDk1jujLocyUEw3Dak1I="}},"SIUqa/XrhTCaxCHwzk+dlGSyMa4cre5PhJkyo31PB9o=":{"valueMac":{"type":"Buffer","data":"OYDlNY9wOJYA6c7gcZ7xEDAmb1UIWIAh9k0IaYi4bx4="}},"a0zAxcfNzJrxMm3wlWvT6IumEhHWxp0lBs9JHquIE0k=":{"valueMac":{"type":"Buffer","data":"+ynXBDRM0AvzgxDFHd58nfQ3zeGkyJSOQ4UIDhvoDJs="}},"gNrhungZJz4zdrNsRaMknQzXJ/m9Hntk+YGTy8eJtME=":{"valueMac":{"type":"Buffer","data":"eZpfuLoVZm8njwmUoCUOoFBOfAMeSBBLxmxj3YFJOwo="}},"RLyBaNpVyVWa1GS1fo6HF5kzp56tOrbP0zJa0DDKv7c=":{"valueMac":{"type":"Buffer","data":"haw4O7eT7cxYUQZxpSwctpv85IXldQkuk0QrofMHPV0="}},"xQhbnI53yXypRbFeqsf7Q/9tMvEekG7xlJ8+gXdG3a4=":{"valueMac":{"type":"Buffer","data":"Q0m3nQGnvPWM91joqmrCt6xrS3gB4IM/jYd5tpsM3dM="}}}}