{"noiseKey":{"private":{"type":"Buffer","data":"oFPWjsLiqVwylPEwbeRsF/gta/Oc8WclvRGhUdbre0g="},"public":{"type":"Buffer","data":"Ue92qm32zB5D4TCNffC/95Owb+oi/A/zK6eI1W4sI0E="}},"signedIdentityKey":{"private":{"type":"Buffer","data":"+ECaw6tBhndR87fub2lQi22K1JlM7R1er4dozUL/Om8="},"public":{"type":"Buffer","data":"yPZoGQnUGhcRbdaPZ4iFdcz6Qn4Ti7eO2EgHpqZC4yA="}},"signedPreKey":{"keyPair":{"private":{"type":"Buffer","data":"oIDbD13ZXSjZ+8L22i1cvjNtlnijH9FaSBhBrYpkmUk="},"public":{"type":"Buffer","data":"mYOHyW4JsfxspTOErTwOv4YpJ5LnRhfoNU0IxT8GKGc="}},"signature":{"type":"Buffer","data":"b2u7HEMNPgGYS46rV4CdfbuepN7cS3nqIGy9zkbFmi92PGLsjjLqbJU6i2biFYE14WmYAWSTVA76c6mh4zykDQ=="},"keyId":1},"registrationId":153,"advSecretKey":"MHqtIDeb0WUkvemhtTcFmy3ULcvlsOzboiy+n+l0VeQ=","processedHistoryMessages":[{"key":{"remoteJid":"14404444455@s.whatsapp.net","fromMe":true,"id":"DD82AD8189709D898E33E0B8A91C104F"},"messageTimestamp":1684067102},{"key":{"remoteJid":"14404444455@s.whatsapp.net","fromMe":true,"id":"805B92E8A0D35D86847D7D0E7C272292"},"messageTimestamp":1684067102},{"key":{"remoteJid":"14404444455@s.whatsapp.net","fromMe":true,"id":"A89D4D0945E08A0CBD91AD2DFA6B128B"},"messageTimestamp":1684067110},{"key":{"remoteJid":"14404444455@s.whatsapp.net","fromMe":true,"id":"399CBA6AFAB77DF4E3C9AA08F166C4DD"},"messageTimestamp":1684067112}],"nextPreKeyId":31,"firstUnuploadedPreKeyId":31,"accountSyncCounter":1,"accountSettings":{"unarchiveChats":false},"account":{"details":"CLCPzK0CEJemg6MGGAE=","accountSignatureKey":"GTAzCMXPwFVjRYCag89fJlwCms/d6riUdIjS8PKxpQY=","accountSignature":"HUIiYH0qPOY688BLLI++NhDRU9Zyeod8CtC0KIYTiswOgI4/xtPU1H7jLACewKeRqOsdLmHPbD2VFKGdJ3aQAQ==","deviceSignature":"eoAWV4XfQsDbWJiXILcWCx1KJRVgWnmXprjEQYfiQE3AjAfpi6kwtr2eysi7esAvdOfDQhZh5rsmHK8oXCB9BQ=="},"me":{"id":"14404444455:3@s.whatsapp.net","jid":"14404444455@s.whatsapp.net","name":"./david'rxxxxx777"},"signalIdentities":[{"identifier":{"name":"14404444455:3@s.whatsapp.net","deviceId":0},"identifierKey":{"type":"Buffer","data":"BRkwMwjFz8BVY0WAmoPPXyZcAprP3eq4lHSI0vDysaUG"}}],"platform":"android","lastAccountSyncTimestamp":1684067798,"myAppStateKeyId":"AAAAAOA0"}