{"_sessions":{"BQJSiuDCJHDoOV8x0RIzV0hm6b1/NmvUJ6sgHM4hEMo2":{"registrationId":989717769,"currentRatchet":{"ephemeralKeyPair":{"pubKey":"BWAh2QoYGiMUZ/Puf3SMZagV6gVYJHBayO+0O/bAClsy","privKey":"4N9w9THjlpLd7w0ZXqKd6LPQcTRTihgHkgP9sIP83UY="},"lastRemoteEphemeralKey":"BWwJ6wKoVj29jvPrzshi/ZtF94BVnUU4BCWw0hmkWhhQ","previousCounter":0,"rootKey":"MvVZ7XQD2vKREVTwAbRJDiDmhDDKxpd0SEQPPSU79KQ="},"indexInfo":{"baseKey":"BQJSiuDCJHDoOV8x0RIzV0hm6b1/NmvUJ6sgHM4hEMo2","baseKeyType":2,"closed":-1,"used":1684067119825,"created":1684067119825,"remoteIdentityKey":"BWan28o4SaeQEK8Qjc+XDqSED3iwrp07dRhFWWMY+DQg"},"_chains":{"BWwJ6wKoVj29jvPrzshi/ZtF94BVnUU4BCWw0hmkWhhQ":{"chainKey":{"counter":0,"key":"VhNljTjQd2tZH9+yYeIg1iNLW2nnFDf5RoqkJO/otkc="},"chainType":2,"messageKeys":{}},"BWAh2QoYGiMUZ/Puf3SMZagV6gVYJHBayO+0O/bAClsy":{"chainKey":{"counter":-1,"key":"ZFaC1Rm/tW11yfJGeNQSbfOwwnZ32arWjgsP0Xzu3q0="},"chainType":1,"messageKeys":{}}}}},"version":"v1"}