{"_sessions":{"BRnvBwnICCo2TLGYRoCGgs2wSu/JyIr1+N1oxCeO/wFE":{"registrationId":1954388045,"currentRatchet":{"ephemeralKeyPair":{"pubKey":"BbvElvJzuuMkBf0Al1isD6VeyuveD471c8/bY4blglIU","privKey":"kJIZsgC5mZoog9i61Fu9uDV3lLiFqmDyuspqQKBWKF0="},"lastRemoteEphemeralKey":"BZ2vS6JlztSFS1QVeRNpiuMh5BRktkCF7IG7KJa5V9wE","previousCounter":0,"rootKey":"yF/i7rxdT8X7sXu6ac0dPo98wMBQRmEfg194HxqoPI8="},"indexInfo":{"baseKey":"BRnvBwnICCo2TLGYRoCGgs2wSu/JyIr1+N1oxCeO/wFE","baseKeyType":2,"closed":-1,"used":1684067111414,"created":1684067111414,"remoteIdentityKey":"Bfi62q3FHfn2jhg2Cq9m2CdomrtLYBJ7U6VrkYTKsVQL"},"_chains":{"BZ2vS6JlztSFS1QVeRNpiuMh5BRktkCF7IG7KJa5V9wE":{"chainKey":{"counter":0,"key":"aGHN+gizvsP8iJ7DtDgn/b1vkaYf4hQnMQaONmIgJhY="},"chainType":2,"messageKeys":{}},"BbvElvJzuuMkBf0Al1isD6VeyuveD471c8/bY4blglIU":{"chainKey":{"counter":-1,"key":"70RYvhsEakH/iv+MDllGDOyMLV+eHVNfvrvOfuH5Ieo="},"chainType":1,"messageKeys":{}}}}},"version":"v1"}