{"_sessions":{"BU+cYWF8LAsxc1Jys1GNyOHx+//Ku+j/Dn6gLlekEYID":{"registrationId":1315705627,"currentRatchet":{"ephemeralKeyPair":{"pubKey":"BZngsSn6jFLDVD+4AZh+0kV8arg4S7ehtLaQ7+HhKTQU","privKey":"wFZMjnAq5/lSgjsgECy5MQgdmpK7DlhOKJ11LRRWAk8="},"lastRemoteEphemeralKey":"BaQbtJstg/OD4qamK7HDrPkuy+8uEgLtF18TAkdk39JU","previousCounter":5,"rootKey":"yjSjjO4f2gftCOXBqb7RQDy6uAXDvsFa6OG+MYGD9jk="},"indexInfo":{"baseKey":"BU+cYWF8LAsxc1Jys1GNyOHx+//Ku+j/Dn6gLlekEYID","baseKeyType":2,"closed":-1,"used":1684069593297,"created":1684067102119,"remoteIdentityKey":"BRkwMwjFz8BVY0WAmoPPXyZcAprP3eq4lHSI0vDysaUG"},"_chains":{"BYlm3+jFFKvRSKQNiJg6miTvMlQw7bvoyNJgW2RtUq5o":{"chainKey":{"counter":7},"chainType":2,"messageKeys":{}},"BaQbtJstg/OD4qamK7HDrPkuy+8uEgLtF18TAkdk39JU":{"chainKey":{"counter":0,"key":"VAYEqfujoTfpo64OkF/bBwZT41GGdA8gRXw5LdxP0nI="},"chainType":2,"messageKeys":{}},"BZngsSn6jFLDVD+4AZh+0kV8arg4S7ehtLaQ7+HhKTQU":{"chainKey":{"counter":3,"key":"rGiJWTFfXrJtdQ8zVLoRDu4N91p71rtD8XeuwBPx4qs="},"chainType":1,"messageKeys":{}}}}},"version":"v1"}