{"_sessions":{"Bep31lFm46nXLR9wBQyOB4aYyEJO5zLPBiF0AUU+dhhu":{"registrationId":593466757,"currentRatchet":{"ephemeralKeyPair":{"pubKey":"BR940faQqWhQ4UnBmlnEhlJ7tggKlmhzk2DZOdReXZ5H","privKey":"oK3v+Wzfit3FEeGuMiI00GdqLA4OsNsefzvvYWRcfWs="},"lastRemoteEphemeralKey":"BY8miEKxmz6eJPWKkOQoI8q9zpINpImrTe2w/FaogMI9","previousCounter":0,"rootKey":"aA7+nVNO1pnL/avQFQSHYq/yj3GoM226tZwoWHK5DIg="},"indexInfo":{"baseKey":"Bep31lFm46nXLR9wBQyOB4aYyEJO5zLPBiF0AUU+dhhu","baseKeyType":2,"closed":-1,"used":1684070437606,"created":1684067803449,"remoteIdentityKey":"BY95Dt7tcwnfNCsqgbGNpO5AazXI2EUmQdhF1EEeeqhU"},"_chains":{"Bd801q9TvEeO9XDdTmt062kxfwqMXbolYwl1jq1eBcY7":{"chainKey":{"counter":0},"chainType":2,"messageKeys":{}},"BVZdiQNRCCAYIwVSj/qSogXCc5TlqO23540YwAPT4yNk":{"chainKey":{"counter":1},"chainType":2,"messageKeys":{}},"BYv7Yy9QXkoCCci5Ph2KqSJW4xSUdQyhOKglwWqmoOYD":{"chainKey":{"counter":0},"chainType":2,"messageKeys":{}},"BTosPbWU8oHy3L3r6ZyRFOSOM5TaSp3zqnJHuOSzPM47":{"chainKey":{"counter":0},"chainType":2,"messageKeys":{}},"BbDoH81yI9ifca3TzYq5QVVkG1EUQy9nxMtYh3qmwW4x":{"chainKey":{"counter":0},"chainType":2,"messageKeys":{}},"BcXZFX5fZ+4mVE/bA/HXw6l/+22/P5jsNTcm7SVdHndK":{"chainKey":{"counter":0},"chainType":2,"messageKeys":{}},"BZJBpj2LRmvw9QcDJGt6vESK9bDYNyQCrUlBJ29S+kJP":{"chainKey":{"counter":0},"chainType":2,"messageKeys":{}},"BZo7c1OJrM/KxKKEguuFfE3zuGovDwSqlwMS8qBN3bg4":{"chainKey":{"counter":0},"chainType":2,"messageKeys":{}},"BaxA80eJqroqRwfPk8kd8SgnFdXYDe49gf5D9LryKIc0":{"chainKey":{"counter":0},"chainType":2,"messageKeys":{}},"BY8miEKxmz6eJPWKkOQoI8q9zpINpImrTe2w/FaogMI9":{"chainKey":{"counter":0,"key":"U+hwFOuuA5pCTWkuPjHFNX8NuZusjBcbIAAetF44dAQ="},"chainType":2,"messageKeys":{}},"BR940faQqWhQ4UnBmlnEhlJ7tggKlmhzk2DZOdReXZ5H":{"chainKey":{"counter":-1,"key":"fyEmru/LBGO6VAii95vRpdpz8cnMYNrPYaITv5um+UI="},"chainType":1,"messageKeys":{}}}}},"version":"v1"}